episode,total_reward,wait_time,epsilon,alpha,gamma
0,-59,38,0.2,0.1,0.9
1,-168,50,0.2,0.1,0.9
2,-309,109,0.2,0.1,0.9
3,-271,107,0.2,0.1,0.9
4,-41,36,0.2,0.1,0.9
5,-267,123,0.2,0.1,0.9
6,-276,109,0.2,0.1,0.9
7,-106,36,0.2,0.1,0.9
8,-189,103,0.2,0.1,0.9
9,-43,30,0.2,0.1,0.9
10,-138,73,0.2,0.1,0.9
11,-46,54,0.2,0.1,0.9
12,-10,12,0.2,0.1,0.9
13,-108,63,0.2,0.1,0.9
14,-125,80,0.2,0.1,0.9
15,-95,62,0.2,0.1,0.9
16,-186,112,0.2,0.1,0.9
17,-73,41,0.2,0.1,0.9
18,-71,44,0.2,0.1,0.9
19,-246,72,0.2,0.1,0.9
20,-112,97,0.2,0.1,0.9
21,-13,16,0.2,0.1,0.9
22,-173,95,0.2,0.1,0.9
23,10,12,0.2,0.1,0.9
24,-19,23,0.2,0.1,0.9
25,-75,49,0.2,0.1,0.9
26,-101,31,0.2,0.1,0.9
27,-122,37,0.2,0.1,0.9
28,11,28,0.2,0.1,0.9
29,-97,57,0.2,0.1,0.9
30,-75,56,0.2,0.1,0.9
31,-88,70,0.2,0.1,0.9
32,25,21,0.2,0.1,0.9
33,-20,8,0.2,0.1,0.9
34,31,11,0.2,0.1,0.9
35,-49,43,0.2,0.1,0.9
36,-62,24,0.2,0.1,0.9
37,-290,153,0.2,0.1,0.9
38,-38,14,0.2,0.1,0.9
39,-159,79,0.2,0.1,0.9
40,24,7,0.2,0.1,0.9
41,-324,123,0.2,0.1,0.9
42,-175,94,0.2,0.1,0.9
43,-361,122,0.2,0.1,0.9
44,-44,47,0.2,0.1,0.9
45,-43,15,0.2,0.1,0.9
46,-100,27,0.2,0.1,0.9
47,30,4,0.2,0.1,0.9
48,12,8,0.2,0.1,0.9
49,-107,74,0.2,0.1,0.9
50,-176,53,0.2,0.1,0.9
51,20,4,0.2,0.1,0.9
52,-60,41,0.2,0.1,0.9
53,-136,71,0.2,0.1,0.9
54,-406,205,0.2,0.1,0.9
55,-127,60,0.2,0.1,0.9
56,7,7,0.2,0.1,0.9
57,-54,48,0.2,0.1,0.9
58,39,11,0.2,0.1,0.9
59,-142,71,0.2,0.1,0.9
60,8,31,0.2,0.1,0.9
61,13,9,0.2,0.1,0.9
62,-22,29,0.2,0.1,0.9
63,-105,55,0.2,0.1,0.9
64,-11,25,0.2,0.1,0.9
65,-226,78,0.2,0.1,0.9
66,41,28,0.2,0.1,0.9
67,-21,14,0.2,0.1,0.9
68,-52,29,0.2,0.1,0.9
69,-33,29,0.2,0.1,0.9
70,-7,11,0.2,0.1,0.9
71,-142,90,0.2,0.1,0.9
72,31,3,0.2,0.1,0.9
73,-10,10,0.2,0.1,0.9
74,-32,18,0.2,0.1,0.9
75,16,26,0.2,0.1,0.9
76,16,6,0.2,0.1,0.9
77,-318,154,0.2,0.1,0.9
78,-22,11,0.2,0.1,0.9
79,-62,39,0.2,0.1,0.9
80,5,7,0.2,0.1,0.9
81,16,9,0.2,0.1,0.9
82,30,19,0.2,0.1,0.9
83,-252,99,0.2,0.1,0.9
84,-184,92,0.2,0.1,0.9
85,10,17,0.2,0.1,0.9
86,-146,66,0.2,0.1,0.9
87,-116,79,0.2,0.1,0.9
88,-2,28,0.2,0.1,0.9
89,-21,20,0.2,0.1,0.9
90,31,3,0.2,0.1,0.9
91,0,18,0.2,0.1,0.9
92,8,11,0.2,0.1,0.9
93,26,6,0.2,0.1,0.9
94,-202,84,0.2,0.1,0.9
95,-66,65,0.2,0.1,0.9
96,-113,66,0.2,0.1,0.9
97,-116,74,0.2,0.1,0.9
98,-13,21,0.2,0.1,0.9
99,-185,103,0.2,0.1,0.9
100,2,27,0.2,0.1,0.9
101,-33,40,0.2,0.1,0.9
102,55,13,0.2,0.1,0.9
103,30,4,0.2,0.1,0.9
104,40,9,0.2,0.1,0.9
105,-27,29,0.2,0.1,0.9
106,-4,8,0.2,0.1,0.9
107,-229,122,0.2,0.1,0.9
108,-17,27,0.2,0.1,0.9
109,-47,20,0.2,0.1,0.9
110,6,13,0.2,0.1,0.9
111,-56,40,0.2,0.1,0.9
112,32,16,0.2,0.1,0.9
113,19,7,0.2,0.1,0.9
114,14,36,0.2,0.1,0.9
115,12,6,0.2,0.1,0.9
116,22,8,0.2,0.1,0.9
117,28,15,0.2,0.1,0.9
118,13,8,0.2,0.1,0.9
119,-8,12,0.2,0.1,0.9
120,-50,37,0.2,0.1,0.9
121,36,9,0.2,0.1,0.9
122,-26,21,0.2,0.1,0.9
123,-33,40,0.2,0.1,0.9
124,27,6,0.2,0.1,0.9
125,15,2,0.2,0.1,0.9
126,-7,11,0.2,0.1,0.9
127,18,23,0.2,0.1,0.9
128,-6,16,0.2,0.1,0.9
129,-12,25,0.2,0.1,0.9
130,-40,52,0.2,0.1,0.9
131,17,25,0.2,0.1,0.9
132,-252,142,0.2,0.1,0.9
133,-100,67,0.2,0.1,0.9
134,-400,203,0.2,0.1,0.9
135,-88,53,0.2,0.1,0.9
136,14,16,0.2,0.1,0.9
137,10,11,0.2,0.1,0.9
138,39,11,0.2,0.1,0.9
139,-158,116,0.2,0.1,0.9
140,15,7,0.2,0.1,0.9
141,14,14,0.2,0.1,0.9
142,33,2,0.2,0.1,0.9
143,-19,25,0.2,0.1,0.9
144,-89,42,0.2,0.1,0.9
145,-44,45,0.2,0.1,0.9
146,-68,35,0.2,0.1,0.9
147,39,11,0.2,0.1,0.9
148,15,6,0.2,0.1,0.9
149,-12,20,0.2,0.1,0.9
150,-102,40,0.2,0.1,0.9
151,11,9,0.2,0.1,0.9
152,3,7,0.2,0.1,0.9
153,-74,42,0.2,0.1,0.9
154,4,9,0.2,0.1,0.9
155,-244,127,0.2,0.1,0.9
156,-186,111,0.2,0.1,0.9
157,-94,60,0.2,0.1,0.9
158,-3,24,0.2,0.1,0.9
159,-82,76,0.2,0.1,0.9
160,-2,12,0.2,0.1,0.9
161,15,12,0.2,0.1,0.9
162,31,9,0.2,0.1,0.9
163,27,19,0.2,0.1,0.9
164,-84,43,0.2,0.1,0.9
165,-14,43,0.2,0.1,0.9
166,39,12,0.2,0.1,0.9
167,25,7,0.2,0.1,0.9
168,25,7,0.2,0.1,0.9
169,-60,44,0.2,0.1,0.9
170,-56,26,0.2,0.1,0.9
171,26,6,0.2,0.1,0.9
172,6,19,0.2,0.1,0.9
173,-1,17,0.2,0.1,0.9
174,3,10,0.2,0.1,0.9
175,-25,33,0.2,0.1,0.9
176,27,39,0.2,0.1,0.9
177,12,4,0.2,0.1,0.9
178,-46,36,0.2,0.1,0.9
179,-25,24,0.2,0.1,0.9
180,27,24,0.2,0.1,0.9
181,36,14,0.2,0.1,0.9
182,-11,39,0.2,0.1,0.9
183,27,12,0.2,0.1,0.9
184,-228,136,0.2,0.1,0.9
185,13,9,0.2,0.1,0.9
186,51,16,0.2,0.1,0.9
187,12,9,0.2,0.1,0.9
188,-28,26,0.2,0.1,0.9
189,-96,75,0.2,0.1,0.9
190,44,8,0.2,0.1,0.9
191,29,22,0.2,0.1,0.9
192,6,22,0.2,0.1,0.9
193,36,22,0.2,0.1,0.9
194,33,2,0.2,0.1,0.9
195,-179,110,0.2,0.1,0.9
196,-28,37,0.2,0.1,0.9
197,54,14,0.2,0.1,0.9
198,52,16,0.2,0.1,0.9
199,-4,26,0.2,0.1,0.9
200,-47,45,0.2,0.1,0.9
201,44,7,0.2,0.1,0.9
202,12,10,0.2,0.1,0.9
203,27,6,0.2,0.1,0.9
204,42,9,0.2,0.1,0.9
205,0,28,0.2,0.1,0.9
206,18,4,0.2,0.1,0.9
207,44,7,0.2,0.1,0.9
208,6,8,0.2,0.1,0.9
209,-206,108,0.2,0.1,0.9
210,-8,38,0.2,0.1,0.9
211,-80,69,0.2,0.1,0.9
212,2,24,0.2,0.1,0.9
213,14,3,0.2,0.1,0.9
214,15,2,0.2,0.1,0.9
215,-10,8,0.2,0.1,0.9
216,22,6,0.2,0.1,0.9
217,5,10,0.2,0.1,0.9
218,18,5,0.2,0.1,0.9
219,40,18,0.2,0.1,0.9
220,4,30,0.2,0.1,0.9
221,16,6,0.2,0.1,0.9
222,25,6,0.2,0.1,0.9
223,15,8,0.2,0.1,0.9
224,-7,29,0.2,0.1,0.9
225,-14,38,0.2,0.1,0.9
226,-125,94,0.2,0.1,0.9
227,54,14,0.2,0.1,0.9
228,-19,32,0.2,0.1,0.9
229,-8,22,0.2,0.1,0.9
230,26,6,0.2,0.1,0.9
231,8,23,0.2,0.1,0.9
232,9,6,0.2,0.1,0.9
233,24,7,0.2,0.1,0.9
234,23,15,0.2,0.1,0.9
235,37,13,0.2,0.1,0.9
236,-21,36,0.2,0.1,0.9
237,-24,34,0.2,0.1,0.9
238,42,10,0.2,0.1,0.9
239,28,5,0.2,0.1,0.9
240,42,9,0.2,0.1,0.9
241,-2,10,0.2,0.1,0.9
242,4,16,0.2,0.1,0.9
243,34,8,0.2,0.1,0.9
244,15,15,0.2,0.1,0.9
245,-33,43,0.2,0.1,0.9
246,25,23,0.2,0.1,0.9
247,12,15,0.2,0.1,0.9
248,-29,51,0.2,0.1,0.9
249,-18,12,0.2,0.1,0.9
250,41,9,0.2,0.1,0.9
251,-24,14,0.2,0.1,0.9
252,-5,16,0.2,0.1,0.9
253,1,10,0.2,0.1,0.9
254,-144,88,0.2,0.1,0.9
255,-17,18,0.2,0.1,0.9
256,-2,22,0.2,0.1,0.9
257,-4,11,0.2,0.1,0.9
258,-23,40,0.2,0.1,0.9
259,8,34,0.2,0.1,0.9
260,37,27,0.2,0.1,0.9
261,3,21,0.2,0.1,0.9
262,39,12,0.2,0.1,0.9
263,-129,60,0.2,0.1,0.9
264,30,10,0.2,0.1,0.9
265,-10,18,0.2,0.1,0.9
266,25,7,0.2,0.1,0.9
267,5,24,0.2,0.1,0.9
268,-4,32,0.2,0.1,0.9
269,34,24,0.2,0.1,0.9
270,25,7,0.2,0.1,0.9
271,15,24,0.2,0.1,0.9
272,-54,54,0.2,0.1,0.9
273,33,2,0.2,0.1,0.9
274,36,14,0.2,0.1,0.9
275,4,14,0.2,0.1,0.9
276,44,13,0.2,0.1,0.9
277,-14,10,0.2,0.1,0.9
278,14,3,0.2,0.1,0.9
279,39,19,0.2,0.1,0.9
280,2,26,0.2,0.1,0.9
281,31,3,0.2,0.1,0.9
282,5,12,0.2,0.1,0.9
283,47,14,0.2,0.1,0.9
284,20,10,0.2,0.1,0.9
285,19,5,0.2,0.1,0.9
286,36,18,0.2,0.1,0.9
287,19,27,0.2,0.1,0.9
288,41,23,0.2,0.1,0.9
289,-50,54,0.2,0.1,0.9
290,-164,97,0.2,0.1,0.9
291,28,5,0.2,0.1,0.9
292,27,6,0.2,0.1,0.9
293,1,15,0.2,0.1,0.9
294,39,11,0.2,0.1,0.9
295,30,4,0.2,0.1,0.9
296,31,4,0.2,0.1,0.9
297,6,22,0.2,0.1,0.9
298,24,7,0.2,0.1,0.9
299,-9,8,0.2,0.1,0.9
300,39,11,0.2,0.1,0.9
301,-184,105,0.2,0.1,0.9
302,29,4,0.2,0.1,0.9
303,-17,12,0.2,0.1,0.9
304,18,12,0.2,0.1,0.9
305,12,8,0.2,0.1,0.9
306,8,12,0.2,0.1,0.9
307,46,20,0.2,0.1,0.9
308,-52,49,0.2,0.1,0.9
309,4,8,0.2,0.1,0.9
310,-13,12,0.2,0.1,0.9
311,5,11,0.2,0.1,0.9
312,21,11,0.2,0.1,0.9
313,27,6,0.2,0.1,0.9
314,18,10,0.2,0.1,0.9
315,16,14,0.2,0.1,0.9
316,37,35,0.2,0.1,0.9
317,55,13,0.2,0.1,0.9
318,10,20,0.2,0.1,0.9
319,1,37,0.2,0.1,0.9
320,29,14,0.2,0.1,0.9
321,14,3,0.2,0.1,0.9
322,18,12,0.2,0.1,0.9
323,16,6,0.2,0.1,0.9
324,4,20,0.2,0.1,0.9
325,-10,29,0.2,0.1,0.9
326,0,6,0.2,0.1,0.9
327,5,6,0.2,0.1,0.9
328,-54,39,0.2,0.1,0.9
329,-21,30,0.2,0.1,0.9
330,52,16,0.2,0.1,0.9
331,-50,60,0.2,0.1,0.9
332,-7,31,0.2,0.1,0.9
333,-79,50,0.2,0.1,0.9
334,-13,43,0.2,0.1,0.9
335,41,9,0.2,0.1,0.9
336,-410,211,0.2,0.1,0.9
337,9,24,0.2,0.1,0.9
338,26,6,0.2,0.1,0.9
339,40,18,0.2,0.1,0.9
340,-21,21,0.2,0.1,0.9
341,30,4,0.2,0.1,0.9
342,12,4,0.2,0.1,0.9
343,-113,79,0.2,0.1,0.9
344,2,23,0.2,0.1,0.9
345,-59,53,0.2,0.1,0.9
346,-5,18,0.2,0.1,0.9
347,13,9,0.2,0.1,0.9
348,0,20,0.2,0.1,0.9
349,-16,15,0.2,0.1,0.9
350,21,10,0.2,0.1,0.9
351,53,15,0.2,0.1,0.9
352,28,5,0.2,0.1,0.9
353,28,15,0.2,0.1,0.9
354,31,23,0.2,0.1,0.9
355,48,18,0.2,0.1,0.9
356,0,6,0.2,0.1,0.9
357,-6,10,0.2,0.1,0.9
358,-112,66,0.2,0.1,0.9
359,44,8,0.2,0.1,0.9
360,28,16,0.2,0.1,0.9
361,33,2,0.2,0.1,0.9
362,-20,37,0.2,0.1,0.9
363,14,3,0.2,0.1,0.9
364,6,20,0.2,0.1,0.9
365,17,6,0.2,0.1,0.9
366,-48,42,0.2,0.1,0.9
367,-11,36,0.2,0.1,0.9
368,-68,36,0.2,0.1,0.9
369,-16,15,0.2,0.1,0.9
370,-217,120,0.2,0.1,0.9
371,-44,44,0.2,0.1,0.9
372,55,13,0.2,0.1,0.9
373,16,6,0.2,0.1,0.9
374,5,13,0.2,0.1,0.9
375,22,19,0.2,0.1,0.9
376,26,12,0.2,0.1,0.9
377,19,5,0.2,0.1,0.9
378,-258,119,0.2,0.1,0.9
379,-2,15,0.2,0.1,0.9
380,53,16,0.2,0.1,0.9
381,42,16,0.2,0.1,0.9
382,-10,36,0.2,0.1,0.9
383,31,10,0.2,0.1,0.9
384,42,10,0.2,0.1,0.9
385,29,33,0.2,0.1,0.9
386,1,11,0.2,0.1,0.9
387,27,5,0.2,0.1,0.9
388,19,6,0.2,0.1,0.9
389,9,20,0.2,0.1,0.9
390,7,12,0.2,0.1,0.9
391,28,5,0.2,0.1,0.9
392,30,4,0.2,0.1,0.9
393,32,16,0.2,0.1,0.9
394,-45,33,0.2,0.1,0.9
395,10,22,0.2,0.1,0.9
396,53,16,0.2,0.1,0.9
397,42,10,0.2,0.1,0.9
398,18,14,0.2,0.1,0.9
399,40,10,0.2,0.1,0.9
400,15,8,0.2,0.1,0.9
401,-282,149,0.2,0.1,0.9
402,-38,36,0.2,0.1,0.9
403,13,9,0.2,0.1,0.9
404,-3,14,0.2,0.1,0.9
405,23,9,0.2,0.1,0.9
406,31,3,0.2,0.1,0.9
407,29,9,0.2,0.1,0.9
408,32,8,0.2,0.1,0.9
409,-3,11,0.2,0.1,0.9
410,22,17,0.2,0.1,0.9
411,34,16,0.2,0.1,0.9
412,20,4,0.2,0.1,0.9
413,30,4,0.2,0.1,0.9
414,18,24,0.2,0.1,0.9
415,-23,42,0.2,0.1,0.9
416,41,9,0.2,0.1,0.9
417,0,12,0.2,0.1,0.9
418,27,7,0.2,0.1,0.9
419,-7,9,0.2,0.1,0.9
420,-120,66,0.2,0.1,0.9
421,12,10,0.2,0.1,0.9
422,27,6,0.2,0.1,0.9
423,31,3,0.2,0.1,0.9
424,-21,29,0.2,0.1,0.9
425,16,5,0.2,0.1,0.9
426,-66,54,0.2,0.1,0.9
427,-66,40,0.2,0.1,0.9
428,-14,10,0.2,0.1,0.9
429,21,19,0.2,0.1,0.9
430,-40,42,0.2,0.1,0.9
431,-31,34,0.2,0.1,0.9
432,18,5,0.2,0.1,0.9
433,25,29,0.2,0.1,0.9
434,-14,22,0.2,0.1,0.9
435,-93,73,0.2,0.1,0.9
436,38,12,0.2,0.1,0.9
437,-233,120,0.2,0.1,0.9
438,-7,39,0.2,0.1,0.9
439,31,12,0.2,0.1,0.9
440,-16,27,0.2,0.1,0.9
441,14,7,0.2,0.1,0.9
442,3,16,0.2,0.1,0.9
443,26,6,0.2,0.1,0.9
444,41,17,0.2,0.1,0.9
445,-17,10,0.2,0.1,0.9
446,53,15,0.2,0.1,0.9
447,-35,43,0.2,0.1,0.9
448,-35,37,0.2,0.1,0.9
449,21,12,0.2,0.1,0.9
450,15,7,0.2,0.1,0.9
451,37,12,0.2,0.1,0.9
452,-3,15,0.2,0.1,0.9
453,31,3,0.2,0.1,0.9
454,12,7,0.2,0.1,0.9
455,29,4,0.2,0.1,0.9
456,37,12,0.2,0.1,0.9
457,22,3,0.2,0.1,0.9
458,-4,10,0.2,0.1,0.9
459,24,14,0.2,0.1,0.9
460,24,20,0.2,0.1,0.9
461,23,8,0.2,0.1,0.9
462,42,9,0.2,0.1,0.9
463,33,2,0.2,0.1,0.9
464,-8,18,0.2,0.1,0.9
465,28,17,0.2,0.1,0.9
466,12,4,0.2,0.1,0.9
467,-12,30,0.2,0.1,0.9
468,34,24,0.2,0.1,0.9
469,23,22,0.2,0.1,0.9
470,16,8,0.2,0.1,0.9
471,12,10,0.2,0.1,0.9
472,22,10,0.2,0.1,0.9
473,20,10,0.2,0.1,0.9
474,41,9,0.2,0.1,0.9
475,42,8,0.2,0.1,0.9
476,18,8,0.2,0.1,0.9
477,25,13,0.2,0.1,0.9
478,44,8,0.2,0.1,0.9
479,9,6,0.2,0.1,0.9
480,39,12,0.2,0.1,0.9
481,49,19,0.2,0.1,0.9
482,2,14,0.2,0.1,0.9
483,-3,8,0.2,0.1,0.9
484,10,21,0.2,0.1,0.9
485,34,22,0.2,0.1,0.9
486,26,14,0.2,0.1,0.9
487,21,10,0.2,0.1,0.9
488,16,7,0.2,0.1,0.9
489,31,12,0.2,0.1,0.9
490,36,14,0.2,0.1,0.9
491,23,9,0.2,0.1,0.9
492,43,15,0.2,0.1,0.9
493,-11,15,0.2,0.1,0.9
494,27,6,0.2,0.1,0.9
495,27,5,0.2,0.1,0.9
496,40,18,0.2,0.1,0.9
497,12,4,0.2,0.1,0.9
498,44,7,0.2,0.1,0.9
499,66,20,0.2,0.1,0.9
500,-12,27,0.2,0.1,0.9
501,25,7,0.2,0.1,0.9
502,39,12,0.2,0.1,0.9
503,31,9,0.2,0.1,0.9
504,53,15,0.2,0.1,0.9
505,41,19,0.2,0.1,0.9
506,30,4,0.2,0.1,0.9
507,13,15,0.2,0.1,0.9
508,10,12,0.2,0.1,0.9
509,-1,12,0.2,0.1,0.9
510,25,13,0.2,0.1,0.9
511,12,11,0.2,0.1,0.9
512,33,2,0.2,0.1,0.9
513,-81,66,0.2,0.1,0.9
514,20,12,0.2,0.1,0.9
515,-63,24,0.2,0.1,0.9
516,40,10,0.2,0.1,0.9
517,16,26,0.2,0.1,0.9
518,-18,22,0.2,0.1,0.9
519,44,8,0.2,0.1,0.9
520,-33,22,0.2,0.1,0.9
521,22,9,0.2,0.1,0.9
522,-13,34,0.2,0.1,0.9
523,30,4,0.2,0.1,0.9
524,7,21,0.2,0.1,0.9
525,40,10,0.2,0.1,0.9
526,31,3,0.2,0.1,0.9
527,-221,138,0.2,0.1,0.9
528,-7,27,0.2,0.1,0.9
529,41,21,0.2,0.1,0.9
530,27,5,0.2,0.1,0.9
531,-371,199,0.2,0.1,0.9
532,33,2,0.2,0.1,0.9
533,15,2,0.2,0.1,0.9
534,37,14,0.2,0.1,0.9
535,37,24,0.2,0.1,0.9
536,21,20,0.2,0.1,0.9
537,43,16,0.2,0.1,0.9
538,31,3,0.2,0.1,0.9
539,29,4,0.2,0.1,0.9
540,-67,57,0.2,0.1,0.9
541,21,11,0.2,0.1,0.9
542,32,18,0.2,0.1,0.9
543,19,16,0.2,0.1,0.9
544,42,10,0.2,0.1,0.9
545,14,27,0.2,0.1,0.9
546,26,14,0.2,0.1,0.9
547,13,18,0.2,0.1,0.9
548,-95,59,0.2,0.1,0.9
549,49,16,0.2,0.1,0.9
550,27,6,0.2,0.1,0.9
551,30,10,0.2,0.1,0.9
552,25,7,0.2,0.1,0.9
553,-45,57,0.2,0.1,0.9
554,55,13,0.2,0.1,0.9
555,12,4,0.2,0.1,0.9
556,4,14,0.2,0.1,0.9
557,12,11,0.2,0.1,0.9
558,30,4,0.2,0.1,0.9
559,27,6,0.2,0.1,0.9
560,30,10,0.2,0.1,0.9
561,27,14,0.2,0.1,0.9
562,18,18,0.2,0.1,0.9
563,3,12,0.2,0.1,0.9
564,-3,34,0.2,0.1,0.9
565,10,8,0.2,0.1,0.9
566,32,11,0.2,0.1,0.9
567,20,18,0.2,0.1,0.9
568,57,12,0.2,0.1,0.9
569,40,10,0.2,0.1,0.9
570,-52,51,0.2,0.1,0.9
571,25,16,0.2,0.1,0.9
572,43,8,0.2,0.1,0.9
573,29,4,0.2,0.1,0.9
574,17,6,0.2,0.1,0.9
575,39,10,0.2,0.1,0.9
576,-3,26,0.2,0.1,0.9
577,-25,35,0.2,0.1,0.9
578,-24,11,0.2,0.1,0.9
579,24,8,0.2,0.1,0.9
580,-45,42,0.2,0.1,0.9
581,13,10,0.2,0.1,0.9
582,29,12,0.2,0.1,0.9
583,-24,28,0.2,0.1,0.9
584,-23,45,0.2,0.1,0.9
585,41,9,0.2,0.1,0.9
586,14,25,0.2,0.1,0.9
587,-96,89,0.2,0.1,0.9
588,21,9,0.2,0.1,0.9
589,18,19,0.2,0.1,0.9
590,1,13,0.2,0.1,0.9
591,27,21,0.2,0.1,0.9
592,12,7,0.2,0.1,0.9
593,49,18,0.2,0.1,0.9
594,29,5,0.2,0.1,0.9
595,-117,88,0.2,0.1,0.9
596,-32,18,0.2,0.1,0.9
597,20,20,0.2,0.1,0.9
598,51,25,0.2,0.1,0.9
599,-95,56,0.2,0.1,0.9
600,2,20,0.2,0.1,0.9
601,-15,31,0.2,0.1,0.9
602,23,15,0.2,0.1,0.9
603,14,8,0.2,0.1,0.9
604,16,22,0.2,0.1,0.9
605,24,8,0.2,0.1,0.9
606,-111,87,0.2,0.1,0.9
607,-52,38,0.2,0.1,0.9
608,10,28,0.2,0.1,0.9
609,30,4,0.2,0.1,0.9
610,14,6,0.2,0.1,0.9
611,-232,136,0.2,0.1,0.9
612,20,10,0.2,0.1,0.9
613,24,15,0.2,0.1,0.9
614,-6,22,0.2,0.1,0.9
615,33,2,0.2,0.1,0.9
616,27,22,0.2,0.1,0.9
617,-175,90,0.2,0.1,0.9
618,21,20,0.2,0.1,0.9
619,46,6,0.2,0.1,0.9
620,33,2,0.2,0.1,0.9
621,-53,50,0.2,0.1,0.9
622,9,20,0.2,0.1,0.9
623,31,3,0.2,0.1,0.9
624,44,7,0.2,0.1,0.9
625,0,24,0.2,0.1,0.9
626,30,4,0.2,0.1,0.9
627,31,3,0.2,0.1,0.9
628,19,8,0.2,0.1,0.9
629,10,23,0.2,0.1,0.9
630,45,22,0.2,0.1,0.9
631,14,7,0.2,0.1,0.9
632,2,22,0.2,0.1,0.9
633,40,10,0.2,0.1,0.9
634,-124,83,0.2,0.1,0.9
635,21,27,0.2,0.1,0.9
636,34,16,0.2,0.1,0.9
637,-2,18,0.2,0.1,0.9
638,24,16,0.2,0.1,0.9
639,21,18,0.2,0.1,0.9
640,28,12,0.2,0.1,0.9
641,29,10,0.2,0.1,0.9
642,24,21,0.2,0.1,0.9
643,36,14,0.2,0.1,0.9
644,42,14,0.2,0.1,0.9
645,30,4,0.2,0.1,0.9
646,-22,29,0.2,0.1,0.9
647,57,12,0.2,0.1,0.9
648,19,13,0.2,0.1,0.9
649,42,16,0.2,0.1,0.9
650,21,22,0.2,0.1,0.9
651,12,8,0.2,0.1,0.9
652,40,11,0.2,0.1,0.9
653,38,10,0.2,0.1,0.9
654,25,7,0.2,0.1,0.9
655,13,12,0.2,0.1,0.9
656,44,13,0.2,0.1,0.9
657,33,23,0.2,0.1,0.9
658,-3,18,0.2,0.1,0.9
659,31,18,0.2,0.1,0.9
660,24,7,0.2,0.1,0.9
661,9,20,0.2,0.1,0.9
662,9,12,0.2,0.1,0.9
663,31,24,0.2,0.1,0.9
664,30,4,0.2,0.1,0.9
665,-34,30,0.2,0.1,0.9
666,-2,14,0.2,0.1,0.9
667,44,7,0.2,0.1,0.9
668,-46,18,0.2,0.1,0.9
669,46,6,0.2,0.1,0.9
670,-22,32,0.2,0.1,0.9
671,-7,30,0.2,0.1,0.9
672,13,9,0.2,0.1,0.9
673,22,3,0.2,0.1,0.9
674,10,15,0.2,0.1,0.9
675,-7,19,0.2,0.1,0.9
676,30,4,0.2,0.1,0.9
677,45,20,0.2,0.1,0.9
678,-87,55,0.2,0.1,0.9
679,35,13,0.2,0.1,0.9
680,29,10,0.2,0.1,0.9
681,40,10,0.2,0.1,0.9
682,40,19,0.2,0.1,0.9
683,33,2,0.2,0.1,0.9
684,0,12,0.2,0.1,0.9
685,29,4,0.2,0.1,0.9
686,-194,114,0.2,0.1,0.9
687,8,8,0.2,0.1,0.9
688,9,2,0.2,0.1,0.9
689,22,16,0.2,0.1,0.9
690,18,0,0.2,0.1,0.9
691,24,17,0.2,0.1,0.9
692,-7,16,0.2,0.1,0.9
693,34,17,0.2,0.1,0.9
694,0,30,0.2,0.1,0.9
695,18,4,0.2,0.1,0.9
696,25,13,0.2,0.1,0.9
697,25,32,0.2,0.1,0.9
698,18,24,0.2,0.1,0.9
699,22,18,0.2,0.1,0.9
700,1,18,0.2,0.1,0.9
701,12,4,0.2,0.1,0.9
702,9,6,0.2,0.1,0.9
703,24,9,0.2,0.1,0.9
704,25,18,0.2,0.1,0.9
705,42,8,0.2,0.1,0.9
706,25,8,0.2,0.1,0.9
707,12,16,0.2,0.1,0.9
708,6,10,0.2,0.1,0.9
709,42,8,0.2,0.1,0.9
710,25,8,0.2,0.1,0.9
711,16,9,0.2,0.1,0.9
712,-101,79,0.2,0.1,0.9
713,23,15,0.2,0.1,0.9
714,25,7,0.2,0.1,0.9
715,3,4,0.2,0.1,0.9
716,5,26,0.2,0.1,0.9
717,-73,42,0.2,0.1,0.9
718,5,7,0.2,0.1,0.9
719,33,16,0.2,0.1,0.9
720,35,15,0.2,0.1,0.9
721,-23,33,0.2,0.1,0.9
722,9,18,0.2,0.1,0.9
723,18,5,0.2,0.1,0.9
724,16,24,0.2,0.1,0.9
725,29,15,0.2,0.1,0.9
726,34,14,0.2,0.1,0.9
727,25,3,0.2,0.1,0.9
728,29,4,0.2,0.1,0.9
729,43,8,0.2,0.1,0.9
730,26,8,0.2,0.1,0.9
731,-14,12,0.2,0.1,0.9
732,24,19,0.2,0.1,0.9
733,-9,30,0.2,0.1,0.9
734,31,9,0.2,0.1,0.9
735,30,10,0.2,0.1,0.9
736,33,2,0.2,0.1,0.9
737,16,38,0.2,0.1,0.9
738,29,4,0.2,0.1,0.9
739,-24,15,0.2,0.1,0.9
740,-287,138,0.2,0.1,0.9
741,34,16,0.2,0.1,0.9
742,27,13,0.2,0.1,0.9
743,42,8,0.2,0.1,0.9
744,23,9,0.2,0.1,0.9
745,34,24,0.2,0.1,0.9
746,42,8,0.2,0.1,0.9
747,38,12,0.2,0.1,0.9
748,27,5,0.2,0.1,0.9
749,31,4,0.2,0.1,0.9
750,24,14,0.2,0.1,0.9
751,2,18,0.2,0.1,0.9
752,13,28,0.2,0.1,0.9
753,51,15,0.2,0.1,0.9
754,25,7,0.2,0.1,0.9
755,17,23,0.2,0.1,0.9
756,52,16,0.2,0.1,0.9
757,24,17,0.2,0.1,0.9
758,-118,77,0.2,0.1,0.9
759,43,8,0.2,0.1,0.9
760,27,7,0.2,0.1,0.9
761,40,10,0.2,0.1,0.9
762,27,5,0.2,0.1,0.9
763,27,5,0.2,0.1,0.9
764,17,6,0.2,0.1,0.9
765,2,21,0.2,0.1,0.9
766,-3,24,0.2,0.1,0.9
767,-138,82,0.2,0.1,0.9
768,-63,44,0.2,0.1,0.9
769,6,23,0.2,0.1,0.9
770,57,12,0.2,0.1,0.9
771,34,20,0.2,0.1,0.9
772,13,9,0.2,0.1,0.9
773,27,11,0.2,0.1,0.9
774,18,0,0.2,0.1,0.9
775,33,2,0.2,0.1,0.9
776,-99,71,0.2,0.1,0.9
777,40,11,0.2,0.1,0.9
778,36,14,0.2,0.1,0.9
779,21,19,0.2,0.1,0.9
780,-153,88,0.2,0.1,0.9
781,11,27,0.2,0.1,0.9
782,36,13,0.2,0.1,0.9
783,5,9,0.2,0.1,0.9
784,15,24,0.2,0.1,0.9
785,29,4,0.2,0.1,0.9
786,20,4,0.2,0.1,0.9
787,27,19,0.2,0.1,0.9
788,33,2,0.2,0.1,0.9
789,6,23,0.2,0.1,0.9
790,38,13,0.2,0.1,0.9
791,20,18,0.2,0.1,0.9
792,15,2,0.2,0.1,0.9
793,33,2,0.2,0.1,0.9
794,9,6,0.2,0.1,0.9
795,12,8,0.2,0.1,0.9
796,31,3,0.2,0.1,0.9
797,-32,28,0.2,0.1,0.9
798,42,9,0.2,0.1,0.9
799,38,28,0.2,0.1,0.9
800,33,2,0.2,0.1,0.9
801,13,7,0.2,0.1,0.9
802,43,8,0.2,0.1,0.9
803,25,13,0.2,0.1,0.9
804,34,30,0.2,0.1,0.9
805,24,30,0.2,0.1,0.9
806,50,18,0.2,0.1,0.9
807,-11,37,0.2,0.1,0.9
808,28,27,0.2,0.1,0.9
809,-52,60,0.2,0.1,0.9
810,43,8,0.2,0.1,0.9
811,15,14,0.2,0.1,0.9
812,-51,47,0.2,0.1,0.9
813,25,7,0.2,0.1,0.9
814,6,8,0.2,0.1,0.9
815,27,5,0.2,0.1,0.9
816,8,13,0.2,0.1,0.9
817,-6,16,0.2,0.1,0.9
818,27,6,0.2,0.1,0.9
819,37,21,0.2,0.1,0.9
820,15,31,0.2,0.1,0.9
821,52,16,0.2,0.1,0.9
822,41,29,0.2,0.1,0.9
823,27,6,0.2,0.1,0.9
824,52,16,0.2,0.1,0.9
825,57,12,0.2,0.1,0.9
826,25,8,0.2,0.1,0.9
827,34,20,0.2,0.1,0.9
828,13,7,0.2,0.1,0.9
829,13,38,0.2,0.1,0.9
830,10,10,0.2,0.1,0.9
831,26,6,0.2,0.1,0.9
832,15,17,0.2,0.1,0.9
833,-46,22,0.2,0.1,0.9
834,28,6,0.2,0.1,0.9
835,21,11,0.2,0.1,0.9
836,53,15,0.2,0.1,0.9
837,12,14,0.2,0.1,0.9
838,-35,26,0.2,0.1,0.9
839,-1,19,0.2,0.1,0.9
840,-38,48,0.2,0.1,0.9
841,38,12,0.2,0.1,0.9
842,29,4,0.2,0.1,0.9
843,17,8,0.2,0.1,0.9
844,17,20,0.2,0.1,0.9
845,15,16,0.2,0.1,0.9
846,-45,52,0.2,0.1,0.9
847,18,5,0.2,0.1,0.9
848,15,2,0.2,0.1,0.9
849,52,16,0.2,0.1,0.9
850,28,12,0.2,0.1,0.9
851,36,13,0.2,0.1,0.9
852,37,13,0.2,0.1,0.9
853,19,19,0.2,0.1,0.9
854,11,12,0.2,0.1,0.9
855,15,2,0.2,0.1,0.9
856,-42,54,0.2,0.1,0.9
857,20,13,0.2,0.1,0.9
858,15,2,0.2,0.1,0.9
859,31,3,0.2,0.1,0.9
860,27,5,0.2,0.1,0.9
861,50,18,0.2,0.1,0.9
862,-25,39,0.2,0.1,0.9
863,25,13,0.2,0.1,0.9
864,52,16,0.2,0.1,0.9
865,58,24,0.2,0.1,0.9
866,40,10,0.2,0.1,0.9
867,44,7,0.2,0.1,0.9
868,-87,63,0.2,0.1,0.9
869,-18,30,0.2,0.1,0.9
870,42,8,0.2,0.1,0.9
871,8,20,0.2,0.1,0.9
872,-11,16,0.2,0.1,0.9
873,4,11,0.2,0.1,0.9
874,5,13,0.2,0.1,0.9
875,27,5,0.2,0.1,0.9
876,48,20,0.2,0.1,0.9
877,-21,32,0.2,0.1,0.9
878,43,14,0.2,0.1,0.9
879,40,10,0.2,0.1,0.9
880,47,27,0.2,0.1,0.9
881,49,19,0.2,0.1,0.9
882,23,25,0.2,0.1,0.9
883,26,22,0.2,0.1,0.9
884,7,22,0.2,0.1,0.9
885,22,18,0.2,0.1,0.9
886,42,8,0.2,0.1,0.9
887,-7,28,0.2,0.1,0.9
888,40,10,0.2,0.1,0.9
889,-82,52,0.2,0.1,0.9
890,44,14,0.2,0.1,0.9
891,28,12,0.2,0.1,0.9
892,35,15,0.2,0.1,0.9
893,4,18,0.2,0.1,0.9
894,30,21,0.2,0.1,0.9
895,38,12,0.2,0.1,0.9
896,14,15,0.2,0.1,0.9
897,-17,26,0.2,0.1,0.9
898,18,0,0.2,0.1,0.9
899,7,15,0.2,0.1,0.9
900,31,4,0.2,0.1,0.9
901,24,8,0.2,0.1,0.9
902,12,8,0.2,0.1,0.9
903,-69,36,0.2,0.1,0.9
904,9,24,0.2,0.1,0.9
905,-211,112,0.2,0.1,0.9
906,42,8,0.2,0.1,0.9
907,38,13,0.2,0.1,0.9
908,34,22,0.2,0.1,0.9
909,26,6,0.2,0.1,0.9
910,30,4,0.2,0.1,0.9
911,31,3,0.2,0.1,0.9
912,39,22,0.2,0.1,0.9
913,31,3,0.2,0.1,0.9
914,19,11,0.2,0.1,0.9
915,39,11,0.2,0.1,0.9
916,19,19,0.2,0.1,0.9
917,19,5,0.2,0.1,0.9
918,8,36,0.2,0.1,0.9
919,6,8,0.2,0.1,0.9
920,31,3,0.2,0.1,0.9
921,28,5,0.2,0.1,0.9
922,6,14,0.2,0.1,0.9
923,36,14,0.2,0.1,0.9
924,33,2,0.2,0.1,0.9
925,49,19,0.2,0.1,0.9
926,37,14,0.2,0.1,0.9
927,23,18,0.2,0.1,0.9
928,-12,10,0.2,0.1,0.9
929,26,28,0.2,0.1,0.9
930,14,6,0.2,0.1,0.9
931,0,8,0.2,0.1,0.9
932,0,35,0.2,0.1,0.9
933,14,19,0.2,0.1,0.9
934,46,6,0.2,0.1,0.9
935,28,6,0.2,0.1,0.9
936,39,12,0.2,0.1,0.9
937,23,17,0.2,0.1,0.9
938,24,13,0.2,0.1,0.9
939,-28,34,0.2,0.1,0.9
940,6,8,0.2,0.1,0.9
941,1,4,0.2,0.1,0.9
942,24,9,0.2,0.1,0.9
943,21,19,0.2,0.1,0.9
944,-6,6,0.2,0.1,0.9
945,-48,43,0.2,0.1,0.9
946,17,6,0.2,0.1,0.9
947,26,6,0.2,0.1,0.9
948,51,18,0.2,0.1,0.9
949,22,3,0.2,0.1,0.9
950,27,5,0.2,0.1,0.9
951,11,28,0.2,0.1,0.9
952,-58,40,0.2,0.1,0.9
953,44,15,0.2,0.1,0.9
954,-13,19,0.2,0.1,0.9
955,-95,80,0.2,0.1,0.9
956,16,5,0.2,0.1,0.9
957,5,15,0.2,0.1,0.9
958,-62,51,0.2,0.1,0.9
959,43,8,0.2,0.1,0.9
960,25,7,0.2,0.1,0.9
961,15,10,0.2,0.1,0.9
962,40,10,0.2,0.1,0.9
963,17,13,0.2,0.1,0.9
964,18,0,0.2,0.1,0.9
965,14,6,0.2,0.1,0.9
966,44,7,0.2,0.1,0.9
967,-362,195,0.2,0.1,0.9
968,-20,28,0.2,0.1,0.9
969,34,30,0.2,0.1,0.9
970,21,20,0.2,0.1,0.9
971,14,14,0.2,0.1,0.9
972,3,28,0.2,0.1,0.9
973,53,15,0.2,0.1,0.9
974,25,21,0.2,0.1,0.9
975,38,11,0.2,0.1,0.9
976,5,22,0.2,0.1,0.9
977,-15,30,0.2,0.1,0.9
978,0,16,0.2,0.1,0.9
979,16,6,0.2,0.1,0.9
980,51,17,0.2,0.1,0.9
981,44,7,0.2,0.1,0.9
982,15,12,0.2,0.1,0.9
983,27,7,0.2,0.1,0.9
984,29,4,0.2,0.1,0.9
985,25,16,0.2,0.1,0.9
986,38,11,0.2,0.1,0.9
987,13,10,0.2,0.1,0.9
988,16,8,0.2,0.1,0.9
989,3,22,0.2,0.1,0.9
990,-10,34,0.2,0.1,0.9
991,22,19,0.2,0.1,0.9
992,-21,41,0.2,0.1,0.9
993,-1,12,0.2,0.1,0.9
994,28,6,0.2,0.1,0.9
995,43,8,0.2,0.1,0.9
996,44,14,0.2,0.1,0.9
997,44,7,0.2,0.1,0.9
998,10,14,0.2,0.1,0.9
999,-12,8,0.2,0.1,0.9
1000,24,19,0.2,0.1,0.9
1001,17,23,0.2,0.1,0.9
1002,2,24,0.2,0.1,0.9
1003,36,14,0.2,0.1,0.9
1004,22,18,0.2,0.1,0.9
1005,-186,138,0.2,0.1,0.9
1006,20,4,0.2,0.1,0.9
1007,39,12,0.2,0.1,0.9
1008,29,10,0.2,0.1,0.9
1009,29,4,0.2,0.1,0.9
1010,24,8,0.2,0.1,0.9
1011,-22,41,0.2,0.1,0.9
1012,42,9,0.2,0.1,0.9
1013,13,10,0.2,0.1,0.9
1014,18,4,0.2,0.1,0.9
1015,30,4,0.2,0.1,0.9
1016,37,13,0.2,0.1,0.9
1017,32,9,0.2,0.1,0.9
1018,26,18,0.2,0.1,0.9
1019,19,14,0.2,0.1,0.9
1020,8,14,0.2,0.1,0.9
1021,-48,31,0.2,0.1,0.9
1022,16,7,0.2,0.1,0.9
1023,-52,63,0.2,0.1,0.9
1024,43,8,0.2,0.1,0.9
1025,32,9,0.2,0.1,0.9
1026,32,16,0.2,0.1,0.9
1027,13,12,0.2,0.1,0.9
1028,28,5,0.2,0.1,0.9
1029,30,18,0.2,0.1,0.9
1030,33,2,0.2,0.1,0.9
1031,12,4,0.2,0.1,0.9
1032,15,9,0.2,0.1,0.9
1033,55,14,0.2,0.1,0.9
1034,-30,52,0.2,0.1,0.9
1035,6,10,0.2,0.1,0.9
1036,26,6,0.2,0.1,0.9
1037,32,24,0.2,0.1,0.9
1038,-43,41,0.2,0.1,0.9
1039,39,12,0.2,0.1,0.9
1040,33,2,0.2,0.1,0.9
1041,30,4,0.2,0.1,0.9
1042,20,13,0.2,0.1,0.9
1043,9,6,0.2,0.1,0.9
1044,34,16,0.2,0.1,0.9
1045,36,14,0.2,0.1,0.9
1046,31,3,0.2,0.1,0.9
1047,0,6,0.2,0.1,0.9
1048,-31,48,0.2,0.1,0.9
1049,14,20,0.2,0.1,0.9
1050,28,12,0.2,0.1,0.9
1051,14,8,0.2,0.1,0.9
1052,33,15,0.2,0.1,0.9
1053,15,2,0.2,0.1,0.9
1054,42,10,0.2,0.1,0.9
1055,37,11,0.2,0.1,0.9
1056,10,12,0.2,0.1,0.9
1057,12,22,0.2,0.1,0.9
1058,-133,68,0.2,0.1,0.9
1059,57,12,0.2,0.1,0.9
1060,11,22,0.2,0.1,0.9
1061,33,2,0.2,0.1,0.9
1062,26,21,0.2,0.1,0.9
1063,15,7,0.2,0.1,0.9
1064,15,18,0.2,0.1,0.9
1065,-23,27,0.2,0.1,0.9
1066,40,10,0.2,0.1,0.9
1067,23,17,0.2,0.1,0.9
1068,27,14,0.2,0.1,0.9
1069,-3,8,0.2,0.1,0.9
1070,21,18,0.2,0.1,0.9
1071,38,13,0.2,0.1,0.9
1072,-12,14,0.2,0.1,0.9
1073,40,11,0.2,0.1,0.9
1074,4,27,0.2,0.1,0.9
1075,38,13,0.2,0.1,0.9
1076,44,8,0.2,0.1,0.9
1077,4,22,0.2,0.1,0.9
1078,8,31,0.2,0.1,0.9
1079,-19,45,0.2,0.1,0.9
1080,26,6,0.2,0.1,0.9
1081,31,3,0.2,0.1,0.9
1082,37,13,0.2,0.1,0.9
1083,24,9,0.2,0.1,0.9
1084,7,24,0.2,0.1,0.9
1085,28,15,0.2,0.1,0.9
1086,26,6,0.2,0.1,0.9
1087,57,12,0.2,0.1,0.9
1088,42,8,0.2,0.1,0.9
1089,21,11,0.2,0.1,0.9
1090,14,22,0.2,0.1,0.9
1091,-40,52,0.2,0.1,0.9
1092,10,8,0.2,0.1,0.9
1093,12,35,0.2,0.1,0.9
1094,14,16,0.2,0.1,0.9
1095,-46,38,0.2,0.1,0.9
1096,10,6,0.2,0.1,0.9
1097,6,9,0.2,0.1,0.9
1098,38,11,0.2,0.1,0.9
1099,33,16,0.2,0.1,0.9
1100,28,20,0.2,0.1,0.9
1101,-17,31,0.2,0.1,0.9
1102,9,6,0.2,0.1,0.9
1103,-28,47,0.2,0.1,0.9
1104,31,3,0.2,0.1,0.9
1105,29,4,0.2,0.1,0.9
1106,-4,12,0.2,0.1,0.9
1107,9,36,0.2,0.1,0.9
1108,16,6,0.2,0.1,0.9
1109,-17,20,0.2,0.1,0.9
1110,-16,40,0.2,0.1,0.9
1111,46,6,0.2,0.1,0.9
1112,28,15,0.2,0.1,0.9
1113,23,10,0.2,0.1,0.9
1114,3,9,0.2,0.1,0.9
1115,22,32,0.2,0.1,0.9
1116,35,23,0.2,0.1,0.9
1117,1,29,0.2,0.1,0.9
1118,5,8,0.2,0.1,0.9
1119,27,14,0.2,0.1,0.9
1120,-7,25,0.2,0.1,0.9
1121,14,24,0.2,0.1,0.9
1122,22,10,0.2,0.1,0.9
1123,-6,20,0.2,0.1,0.9
1124,-10,31,0.2,0.1,0.9
1125,42,9,0.2,0.1,0.9
1126,17,13,0.2,0.1,0.9
1127,12,12,0.2,0.1,0.9
1128,51,17,0.2,0.1,0.9
1129,26,6,0.2,0.1,0.9
1130,2,16,0.2,0.1,0.9
1131,36,22,0.2,0.1,0.9
1132,39,12,0.2,0.1,0.9
1133,30,4,0.2,0.1,0.9
1134,-17,36,0.2,0.1,0.9
1135,18,6,0.2,0.1,0.9
1136,6,8,0.2,0.1,0.9
1137,-12,14,0.2,0.1,0.9
1138,-3,10,0.2,0.1,0.9
1139,28,20,0.2,0.1,0.9
1140,-48,36,0.2,0.1,0.9
1141,26,14,0.2,0.1,0.9
1142,28,5,0.2,0.1,0.9
1143,-27,34,0.2,0.1,0.9
1144,21,27,0.2,0.1,0.9
1145,12,4,0.2,0.1,0.9
1146,36,14,0.2,0.1,0.9
1147,-20,11,0.2,0.1,0.9
1148,49,17,0.2,0.1,0.9
1149,13,10,0.2,0.1,0.9
1150,35,14,0.2,0.1,0.9
1151,37,12,0.2,0.1,0.9
1152,18,23,0.2,0.1,0.9
1153,-8,32,0.2,0.1,0.9
1154,14,24,0.2,0.1,0.9
1155,0,26,0.2,0.1,0.9
1156,29,4,0.2,0.1,0.9
1157,3,33,0.2,0.1,0.9
1158,46,13,0.2,0.1,0.9
1159,31,4,0.2,0.1,0.9
1160,-103,75,0.2,0.1,0.9
1161,27,7,0.2,0.1,0.9
1162,25,15,0.2,0.1,0.9
1163,14,8,0.2,0.1,0.9
1164,10,12,0.2,0.1,0.9
1165,33,2,0.2,0.1,0.9
1166,-18,34,0.2,0.1,0.9
1167,35,13,0.2,0.1,0.9
1168,17,11,0.2,0.1,0.9
1169,29,5,0.2,0.1,0.9
1170,54,14,0.2,0.1,0.9
1171,23,15,0.2,0.1,0.9
1172,-4,12,0.2,0.1,0.9
1173,-3,18,0.2,0.1,0.9
1174,25,7,0.2,0.1,0.9
1175,21,11,0.2,0.1,0.9
1176,12,18,0.2,0.1,0.9
1177,33,2,0.2,0.1,0.9
1178,39,11,0.2,0.1,0.9
1179,20,18,0.2,0.1,0.9
1180,13,8,0.2,0.1,0.9
1181,12,4,0.2,0.1,0.9
1182,13,11,0.2,0.1,0.9
1183,15,9,0.2,0.1,0.9
1184,42,9,0.2,0.1,0.9
1185,43,8,0.2,0.1,0.9
1186,35,15,0.2,0.1,0.9
1187,36,11,0.2,0.1,0.9
1188,26,6,0.2,0.1,0.9
1189,36,15,0.2,0.1,0.9
1190,9,9,0.2,0.1,0.9
1191,16,38,0.2,0.1,0.9
1192,30,4,0.2,0.1,0.9
1193,8,16,0.2,0.1,0.9
1194,5,3,0.2,0.1,0.9
1195,26,6,0.2,0.1,0.9
1196,6,26,0.2,0.1,0.9
1197,52,16,0.2,0.1,0.9
1198,24,17,0.2,0.1,0.9
1199,-8,19,0.2,0.1,0.9
1200,12,10,0.2,0.1,0.9
1201,43,8,0.2,0.1,0.9
1202,26,6,0.2,0.1,0.9
1203,28,12,0.2,0.1,0.9
1204,17,12,0.2,0.1,0.9
1205,-4,18,0.2,0.1,0.9
1206,11,26,0.2,0.1,0.9
1207,22,8,0.2,0.1,0.9
1208,-9,17,0.2,0.1,0.9
1209,17,22,0.2,0.1,0.9
1210,-22,26,0.2,0.1,0.9
1211,31,18,0.2,0.1,0.9
1212,-81,61,0.2,0.1,0.9
1213,25,13,0.2,0.1,0.9
1214,1,10,0.2,0.1,0.9
1215,19,13,0.2,0.1,0.9
1216,-7,11,0.2,0.1,0.9
1217,8,20,0.2,0.1,0.9
1218,44,8,0.2,0.1,0.9
1219,-9,17,0.2,0.1,0.9
1220,15,42,0.2,0.1,0.9
1221,44,7,0.2,0.1,0.9
1222,-52,42,0.2,0.1,0.9
1223,6,15,0.2,0.1,0.9
1224,-3,18,0.2,0.1,0.9
1225,31,3,0.2,0.1,0.9
1226,18,20,0.2,0.1,0.9
1227,50,18,0.2,0.1,0.9
1228,30,17,0.2,0.1,0.9
1229,38,19,0.2,0.1,0.9
1230,39,19,0.2,0.1,0.9
1231,30,4,0.2,0.1,0.9
1232,33,2,0.2,0.1,0.9
1233,20,4,0.2,0.1,0.9
1234,57,12,0.2,0.1,0.9
1235,17,14,0.2,0.1,0.9
1236,-35,30,0.2,0.1,0.9
1237,18,20,0.2,0.1,0.9
1238,17,12,0.2,0.1,0.9
1239,29,23,0.2,0.1,0.9
1240,24,8,0.2,0.1,0.9
1241,29,11,0.2,0.1,0.9
1242,14,9,0.2,0.1,0.9
1243,33,2,0.2,0.1,0.9
1244,40,16,0.2,0.1,0.9
1245,-12,24,0.2,0.1,0.9
1246,19,13,0.2,0.1,0.9
1247,18,8,0.2,0.1,0.9
1248,30,4,0.2,0.1,0.9
1249,42,10,0.2,0.1,0.9
1250,26,12,0.2,0.1,0.9
1251,5,8,0.2,0.1,0.9
1252,18,5,0.2,0.1,0.9
1253,26,14,0.2,0.1,0.9
1254,6,8,0.2,0.1,0.9
1255,10,12,0.2,0.1,0.9
1256,-7,33,0.2,0.1,0.9
1257,39,11,0.2,0.1,0.9
1258,20,6,0.2,0.1,0.9
1259,-111,93,0.2,0.1,0.9
1260,5,10,0.2,0.1,0.9
1261,-2,28,0.2,0.1,0.9
1262,11,12,0.2,0.1,0.9
1263,-17,16,0.2,0.1,0.9
1264,-5,23,0.2,0.1,0.9
1265,1,22,0.2,0.1,0.9
1266,-68,63,0.2,0.1,0.9
1267,27,7,0.2,0.1,0.9
1268,24,8,0.2,0.1,0.9
1269,22,16,0.2,0.1,0.9
1270,27,6,0.2,0.1,0.9
1271,12,8,0.2,0.1,0.9
1272,29,4,0.2,0.1,0.9
1273,26,8,0.2,0.1,0.9
1274,12,12,0.2,0.1,0.9
1275,10,12,0.2,0.1,0.9
1276,46,6,0.2,0.1,0.9
1277,27,6,0.2,0.1,0.9
1278,22,10,0.2,0.1,0.9
1279,-67,51,0.2,0.1,0.9
1280,16,15,0.2,0.1,0.9
1281,32,11,0.2,0.1,0.9
1282,9,11,0.2,0.1,0.9
1283,5,18,0.2,0.1,0.9
1284,22,10,0.2,0.1,0.9
1285,39,11,0.2,0.1,0.9
1286,12,4,0.2,0.1,0.9
1287,17,14,0.2,0.1,0.9
1288,6,17,0.2,0.1,0.9
1289,28,6,0.2,0.1,0.9
1290,-70,38,0.2,0.1,0.9
1291,-75,58,0.2,0.1,0.9
1292,15,7,0.2,0.1,0.9
1293,12,4,0.2,0.1,0.9
1294,21,25,0.2,0.1,0.9
1295,-5,24,0.2,0.1,0.9
1296,33,2,0.2,0.1,0.9
1297,33,2,0.2,0.1,0.9
1298,25,15,0.2,0.1,0.9
1299,7,15,0.2,0.1,0.9
1300,3,18,0.2,0.1,0.9
1301,27,6,0.2,0.1,0.9
1302,45,23,0.2,0.1,0.9
1303,12,29,0.2,0.1,0.9
1304,-19,26,0.2,0.1,0.9
1305,-246,141,0.2,0.1,0.9
1306,17,6,0.2,0.1,0.9
1307,46,18,0.2,0.1,0.9
1308,18,0,0.2,0.1,0.9
1309,25,8,0.2,0.1,0.9
1310,25,7,0.2,0.1,0.9
1311,21,18,0.2,0.1,0.9
1312,33,25,0.2,0.1,0.9
1313,32,11,0.2,0.1,0.9
1314,57,12,0.2,0.1,0.9
1315,25,7,0.2,0.1,0.9
1316,25,8,0.2,0.1,0.9
1317,16,12,0.2,0.1,0.9
1318,25,7,0.2,0.1,0.9
1319,22,10,0.2,0.1,0.9
1320,20,12,0.2,0.1,0.9
1321,-9,14,0.2,0.1,0.9
1322,2,16,0.2,0.1,0.9
1323,36,14,0.2,0.1,0.9
1324,18,30,0.2,0.1,0.9
1325,19,23,0.2,0.1,0.9
1326,49,17,0.2,0.1,0.9
1327,-41,51,0.2,0.1,0.9
1328,26,13,0.2,0.1,0.9
1329,26,15,0.2,0.1,0.9
1330,28,20,0.2,0.1,0.9
1331,20,12,0.2,0.1,0.9
1332,15,13,0.2,0.1,0.9
1333,49,17,0.2,0.1,0.9
1334,18,0,0.2,0.1,0.9
1335,23,10,0.2,0.1,0.9
1336,6,22,0.2,0.1,0.9
1337,12,15,0.2,0.1,0.9
1338,35,15,0.2,0.1,0.9
1339,40,10,0.2,0.1,0.9
1340,43,30,0.2,0.1,0.9
1341,23,14,0.2,0.1,0.9
1342,44,17,0.2,0.1,0.9
1343,17,11,0.2,0.1,0.9
1344,46,6,0.2,0.1,0.9
1345,27,13,0.2,0.1,0.9
1346,-5,21,0.2,0.1,0.9
1347,21,19,0.2,0.1,0.9
1348,25,15,0.2,0.1,0.9
1349,10,12,0.2,0.1,0.9
1350,25,8,0.2,0.1,0.9
1351,47,21,0.2,0.1,0.9
1352,34,16,0.2,0.1,0.9
1353,44,7,0.2,0.1,0.9
1354,31,3,0.2,0.1,0.9
1355,3,10,0.2,0.1,0.9
1356,5,7,0.2,0.1,0.9
1357,-39,16,0.2,0.1,0.9
1358,31,3,0.2,0.1,0.9
1359,25,3,0.2,0.1,0.9
1360,27,6,0.2,0.1,0.9
1361,25,8,0.2,0.1,0.9
1362,18,5,0.2,0.1,0.9
1363,25,7,0.2,0.1,0.9
1364,22,10,0.2,0.1,0.9
1365,27,21,0.2,0.1,0.9
1366,-26,16,0.2,0.1,0.9
1367,22,18,0.2,0.1,0.9
1368,30,20,0.2,0.1,0.9
1369,40,11,0.2,0.1,0.9
1370,27,14,0.2,0.1,0.9
1371,31,3,0.2,0.1,0.9
1372,22,8,0.2,0.1,0.9
1373,14,8,0.2,0.1,0.9
1374,42,9,0.2,0.1,0.9
1375,19,19,0.2,0.1,0.9
1376,31,10,0.2,0.1,0.9
1377,26,6,0.2,0.1,0.9
1378,-23,39,0.2,0.1,0.9
1379,42,9,0.2,0.1,0.9
1380,20,12,0.2,0.1,0.9
1381,7,26,0.2,0.1,0.9
1382,26,14,0.2,0.1,0.9
1383,29,4,0.2,0.1,0.9
1384,8,18,0.2,0.1,0.9
1385,38,12,0.2,0.1,0.9
1386,15,17,0.2,0.1,0.9
1387,-7,16,0.2,0.1,0.9
1388,55,13,0.2,0.1,0.9
1389,18,0,0.2,0.1,0.9
1390,-78,58,0.2,0.1,0.9
1391,27,21,0.2,0.1,0.9
1392,12,8,0.2,0.1,0.9
1393,16,7,0.2,0.1,0.9
1394,41,9,0.2,0.1,0.9
1395,51,23,0.2,0.1,0.9
1396,21,11,0.2,0.1,0.9
1397,33,2,0.2,0.1,0.9
1398,40,9,0.2,0.1,0.9
1399,12,21,0.2,0.1,0.9
1400,26,19,0.2,0.1,0.9
1401,41,9,0.2,0.1,0.9
1402,27,7,0.2,0.1,0.9
1403,58,21,0.2,0.1,0.9
1404,33,25,0.2,0.1,0.9
1405,13,12,0.2,0.1,0.9
1406,16,7,0.2,0.1,0.9
1407,-4,16,0.2,0.1,0.9
1408,18,22,0.2,0.1,0.9
1409,31,3,0.2,0.1,0.9
1410,18,0,0.2,0.1,0.9
1411,25,8,0.2,0.1,0.9
1412,18,0,0.2,0.1,0.9
1413,18,20,0.2,0.1,0.9
1414,33,9,0.2,0.1,0.9
1415,38,11,0.2,0.1,0.9
1416,9,6,0.2,0.1,0.9
1417,19,22,0.2,0.1,0.9
1418,13,8,0.2,0.1,0.9
1419,12,18,0.2,0.1,0.9
1420,28,14,0.2,0.1,0.9
1421,39,19,0.2,0.1,0.9
1422,28,5,0.2,0.1,0.9
1423,15,15,0.2,0.1,0.9
1424,11,32,0.2,0.1,0.9
1425,-23,36,0.2,0.1,0.9
1426,-11,24,0.2,0.1,0.9
1427,-5,9,0.2,0.1,0.9
1428,-8,22,0.2,0.1,0.9
1429,60,24,0.2,0.1,0.9
1430,12,14,0.2,0.1,0.9
1431,26,6,0.2,0.1,0.9
1432,6,12,0.2,0.1,0.9
1433,35,19,0.2,0.1,0.9
1434,38,10,0.2,0.1,0.9
1435,-37,24,0.2,0.1,0.9
1436,-8,10,0.2,0.1,0.9
1437,19,12,0.2,0.1,0.9
1438,25,8,0.2,0.1,0.9
1439,-37,12,0.2,0.1,0.9
1440,40,10,0.2,0.1,0.9
1441,9,6,0.2,0.1,0.9
1442,-115,82,0.2,0.1,0.9
1443,51,18,0.2,0.1,0.9
1444,36,14,0.2,0.1,0.9
1445,-12,32,0.2,0.1,0.9
1446,33,18,0.2,0.1,0.9
1447,-32,38,0.2,0.1,0.9
1448,29,4,0.2,0.1,0.9
1449,34,14,0.2,0.1,0.9
1450,21,11,0.2,0.1,0.9
1451,27,6,0.2,0.1,0.9
1452,-16,26,0.2,0.1,0.9
1453,24,27,0.2,0.1,0.9
1454,21,11,0.2,0.1,0.9
1455,29,6,0.2,0.1,0.9
1456,18,0,0.2,0.1,0.9
1457,27,6,0.2,0.1,0.9
1458,39,11,0.2,0.1,0.9
1459,14,8,0.2,0.1,0.9
1460,27,19,0.2,0.1,0.9
1461,3,10,0.2,0.1,0.9
1462,5,33,0.2,0.1,0.9
1463,5,16,0.2,0.1,0.9
1464,30,9,0.2,0.1,0.9
1465,-6,15,0.2,0.1,0.9
1466,10,15,0.2,0.1,0.9
1467,27,7,0.2,0.1,0.9
1468,16,16,0.2,0.1,0.9
1469,6,12,0.2,0.1,0.9
1470,30,4,0.2,0.1,0.9
1471,26,6,0.2,0.1,0.9
1472,29,4,0.2,0.1,0.9
1473,-15,21,0.2,0.1,0.9
1474,16,7,0.2,0.1,0.9
1475,23,10,0.2,0.1,0.9
1476,18,0,0.2,0.1,0.9
1477,40,10,0.2,0.1,0.9
1478,33,2,0.2,0.1,0.9
1479,19,27,0.2,0.1,0.9
1480,-4,25,0.2,0.1,0.9
1481,33,2,0.2,0.1,0.9
1482,-81,59,0.2,0.1,0.9
1483,-13,15,0.2,0.1,0.9
1484,33,2,0.2,0.1,0.9
1485,16,6,0.2,0.1,0.9
1486,43,22,0.2,0.1,0.9
1487,29,11,0.2,0.1,0.9
1488,48,20,0.2,0.1,0.9
1489,37,12,0.2,0.1,0.9
1490,-46,48,0.2,0.1,0.9
1491,-8,10,0.2,0.1,0.9
1492,21,12,0.2,0.1,0.9
1493,12,19,0.2,0.1,0.9
1494,19,6,0.2,0.1,0.9
1495,33,2,0.2,0.1,0.9
1496,-123,65,0.2,0.1,0.9
1497,41,9,0.2,0.1,0.9
1498,22,9,0.2,0.1,0.9
1499,7,18,0.2,0.1,0.9
1500,13,18,0.2,0.1,0.9
1501,18,12,0.2,0.1,0.9
1502,33,25,0.2,0.1,0.9
1503,48,20,0.2,0.1,0.9
1504,23,8,0.2,0.1,0.9
1505,1,15,0.2,0.1,0.9
1506,40,18,0.2,0.1,0.9
1507,2,26,0.2,0.1,0.9
1508,31,3,0.2,0.1,0.9
1509,52,16,0.2,0.1,0.9
1510,28,5,0.2,0.1,0.9
1511,42,9,0.2,0.1,0.9
1512,42,8,0.2,0.1,0.9
1513,33,17,0.2,0.1,0.9
1514,-1,32,0.2,0.1,0.9
1515,23,17,0.2,0.1,0.9
1516,33,2,0.2,0.1,0.9
1517,1,21,0.2,0.1,0.9
1518,18,0,0.2,0.1,0.9
1519,41,9,0.2,0.1,0.9
1520,43,14,0.2,0.1,0.9
1521,24,14,0.2,0.1,0.9
1522,40,18,0.2,0.1,0.9
1523,16,6,0.2,0.1,0.9
1524,33,2,0.2,0.1,0.9
1525,7,19,0.2,0.1,0.9
1526,14,10,0.2,0.1,0.9
1527,30,24,0.2,0.1,0.9
1528,21,7,0.2,0.1,0.9
1529,24,7,0.2,0.1,0.9
1530,55,13,0.2,0.1,0.9
1531,21,18,0.2,0.1,0.9
1532,24,8,0.2,0.1,0.9
1533,23,8,0.2,0.1,0.9
1534,-61,45,0.2,0.1,0.9
1535,-43,39,0.2,0.1,0.9
1536,31,3,0.2,0.1,0.9
1537,14,7,0.2,0.1,0.9
1538,10,12,0.2,0.1,0.9
1539,10,12,0.2,0.1,0.9
1540,5,22,0.2,0.1,0.9
1541,28,6,0.2,0.1,0.9
1542,42,9,0.2,0.1,0.9
1543,18,0,0.2,0.1,0.9
1544,29,4,0.2,0.1,0.9
1545,21,17,0.2,0.1,0.9
1546,23,10,0.2,0.1,0.9
1547,29,6,0.2,0.1,0.9
1548,27,14,0.2,0.1,0.9
1549,32,16,0.2,0.1,0.9
1550,21,7,0.2,0.1,0.9
1551,18,21,0.2,0.1,0.9
1552,8,14,0.2,0.1,0.9
1553,31,4,0.2,0.1,0.9
1554,11,25,0.2,0.1,0.9
1555,20,23,0.2,0.1,0.9
1556,1,7,0.2,0.1,0.9
1557,18,8,0.2,0.1,0.9
1558,27,5,0.2,0.1,0.9
1559,16,5,0.2,0.1,0.9
1560,30,4,0.2,0.1,0.9
1561,8,22,0.2,0.1,0.9
1562,-7,13,0.2,0.1,0.9
1563,8,16,0.2,0.1,0.9
1564,13,15,0.2,0.1,0.9
1565,39,12,0.2,0.1,0.9
1566,37,14,0.2,0.1,0.9
1567,30,4,0.2,0.1,0.9
1568,21,10,0.2,0.1,0.9
1569,42,24,0.2,0.1,0.9
1570,41,10,0.2,0.1,0.9
1571,20,31,0.2,0.1,0.9
1572,36,21,0.2,0.1,0.9
1573,-5,11,0.2,0.1,0.9
1574,-18,29,0.2,0.1,0.9
1575,18,0,0.2,0.1,0.9
1576,33,2,0.2,0.1,0.9
1577,27,7,0.2,0.1,0.9
1578,12,4,0.2,0.1,0.9
1579,48,20,0.2,0.1,0.9
1580,36,14,0.2,0.1,0.9
1581,24,8,0.2,0.1,0.9
1582,2,10,0.2,0.1,0.9
1583,38,13,0.2,0.1,0.9
1584,9,14,0.2,0.1,0.9
1585,25,7,0.2,0.1,0.9
1586,18,12,0.2,0.1,0.9
1587,25,7,0.2,0.1,0.9
1588,21,11,0.2,0.1,0.9
1589,3,15,0.2,0.1,0.9
1590,53,15,0.2,0.1,0.9
1591,29,5,0.2,0.1,0.9
1592,37,13,0.2,0.1,0.9
1593,33,2,0.2,0.1,0.9
1594,5,8,0.2,0.1,0.9
1595,30,4,0.2,0.1,0.9
1596,33,12,0.2,0.1,0.9
1597,30,13,0.2,0.1,0.9
1598,16,6,0.2,0.1,0.9
1599,17,31,0.2,0.1,0.9
1600,6,8,0.2,0.1,0.9
1601,38,12,0.2,0.1,0.9
1602,27,6,0.2,0.1,0.9
1603,27,21,0.2,0.1,0.9
1604,18,22,0.2,0.1,0.9
1605,4,36,0.2,0.1,0.9
1606,25,16,0.2,0.1,0.9
1607,13,20,0.2,0.1,0.9
1608,-22,39,0.2,0.1,0.9
1609,-36,43,0.2,0.1,0.9
1610,13,7,0.2,0.1,0.9
1611,36,14,0.2,0.1,0.9
1612,38,21,0.2,0.1,0.9
1613,-15,39,0.2,0.1,0.9
1614,-108,95,0.2,0.1,0.9
1615,27,21,0.2,0.1,0.9
1616,8,21,0.2,0.1,0.9
1617,10,19,0.2,0.1,0.9
1618,19,21,0.2,0.1,0.9
1619,-25,28,0.2,0.1,0.9
1620,30,13,0.2,0.1,0.9
1621,28,5,0.2,0.1,0.9
1622,30,4,0.2,0.1,0.9
1623,42,16,0.2,0.1,0.9
1624,21,11,0.2,0.1,0.9
1625,-6,8,0.2,0.1,0.9
1626,1,25,0.2,0.1,0.9
1627,19,10,0.2,0.1,0.9
1628,24,8,0.2,0.1,0.9
1629,15,7,0.2,0.1,0.9
1630,-7,22,0.2,0.1,0.9
1631,19,29,0.2,0.1,0.9
1632,14,8,0.2,0.1,0.9
1633,-32,15,0.2,0.1,0.9
1634,22,10,0.2,0.1,0.9
1635,2,20,0.2,0.1,0.9
1636,49,19,0.2,0.1,0.9
1637,43,8,0.2,0.1,0.9
1638,9,21,0.2,0.1,0.9
1639,57,12,0.2,0.1,0.9
1640,34,16,0.2,0.1,0.9
1641,40,10,0.2,0.1,0.9
1642,24,18,0.2,0.1,0.9
1643,51,17,0.2,0.1,0.9
1644,4,25,0.2,0.1,0.9
1645,27,13,0.2,0.1,0.9
1646,28,5,0.2,0.1,0.9
1647,31,24,0.2,0.1,0.9
1648,23,10,0.2,0.1,0.9
1649,27,6,0.2,0.1,0.9
1650,34,14,0.2,0.1,0.9
1651,38,12,0.2,0.1,0.9
1652,52,22,0.2,0.1,0.9
1653,4,11,0.2,0.1,0.9
1654,30,9,0.2,0.1,0.9
1655,35,15,0.2,0.1,0.9
1656,25,7,0.2,0.1,0.9
1657,53,15,0.2,0.1,0.9
1658,-2,21,0.2,0.1,0.9
1659,17,10,0.2,0.1,0.9
1660,14,6,0.2,0.1,0.9
1661,42,15,0.2,0.1,0.9
1662,66,20,0.2,0.1,0.9
1663,-25,39,0.2,0.1,0.9
1664,-1,11,0.2,0.1,0.9
1665,40,10,0.2,0.1,0.9
1666,37,22,0.2,0.1,0.9
1667,1,23,0.2,0.1,0.9
1668,38,22,0.2,0.1,0.9
1669,16,13,0.2,0.1,0.9
1670,27,6,0.2,0.1,0.9
1671,42,9,0.2,0.1,0.9
1672,27,13,0.2,0.1,0.9
1673,25,7,0.2,0.1,0.9
1674,53,15,0.2,0.1,0.9
1675,22,15,0.2,0.1,0.9
1676,20,20,0.2,0.1,0.9
1677,28,20,0.2,0.1,0.9
1678,36,14,0.2,0.1,0.9
1679,6,8,0.2,0.1,0.9
1680,-55,55,0.2,0.1,0.9
1681,10,12,0.2,0.1,0.9
1682,17,13,0.2,0.1,0.9
1683,18,0,0.2,0.1,0.9
1684,31,3,0.2,0.1,0.9
1685,18,4,0.2,0.1,0.9
1686,7,9,0.2,0.1,0.9
1687,12,11,0.2,0.1,0.9
1688,20,20,0.2,0.1,0.9
1689,43,8,0.2,0.1,0.9
1690,43,8,0.2,0.1,0.9
1691,31,3,0.2,0.1,0.9
1692,0,8,0.2,0.1,0.9
1693,-17,14,0.2,0.1,0.9
1694,44,7,0.2,0.1,0.9
1695,40,11,0.2,0.1,0.9
1696,-38,37,0.2,0.1,0.9
1697,38,13,0.2,0.1,0.9
1698,41,9,0.2,0.1,0.9
1699,31,3,0.2,0.1,0.9
1700,30,4,0.2,0.1,0.9
1701,57,12,0.2,0.1,0.9
1702,16,16,0.2,0.1,0.9
1703,47,21,0.2,0.1,0.9
1704,27,6,0.2,0.1,0.9
1705,-4,20,0.2,0.1,0.9
1706,14,6,0.2,0.1,0.9
1707,24,8,0.2,0.1,0.9
1708,26,22,0.2,0.1,0.9
1709,51,16,0.2,0.1,0.9
1710,31,3,0.2,0.1,0.9
1711,-45,36,0.2,0.1,0.9
1712,27,5,0.2,0.1,0.9
1713,16,5,0.2,0.1,0.9
1714,32,11,0.2,0.1,0.9
1715,55,13,0.2,0.1,0.9
1716,16,16,0.2,0.1,0.9
1717,11,12,0.2,0.1,0.9
1718,66,20,0.2,0.1,0.9
1719,12,4,0.2,0.1,0.9
1720,-3,16,0.2,0.1,0.9
1721,28,5,0.2,0.1,0.9
1722,8,12,0.2,0.1,0.9
1723,0,29,0.2,0.1,0.9
1724,30,20,0.2,0.1,0.9
1725,21,6,0.2,0.1,0.9
1726,18,0,0.2,0.1,0.9
1727,33,17,0.2,0.1,0.9
1728,32,13,0.2,0.1,0.9
1729,29,11,0.2,0.1,0.9
1730,29,10,0.2,0.1,0.9
1731,34,20,0.2,0.1,0.9
1732,12,18,0.2,0.1,0.9
1733,25,8,0.2,0.1,0.9
1734,-2,12,0.2,0.1,0.9
1735,28,6,0.2,0.1,0.9
1736,13,13,0.2,0.1,0.9
1737,25,18,0.2,0.1,0.9
1738,27,6,0.2,0.1,0.9
1739,39,12,0.2,0.1,0.9
1740,46,6,0.2,0.1,0.9
1741,37,27,0.2,0.1,0.9
1742,31,3,0.2,0.1,0.9
1743,-17,23,0.2,0.1,0.9
1744,43,8,0.2,0.1,0.9
1745,23,4,0.2,0.1,0.9
1746,-3,8,0.2,0.1,0.9
1747,31,11,0.2,0.1,0.9
1748,-213,100,0.2,0.1,0.9
1749,-5,16,0.2,0.1,0.9
1750,37,11,0.2,0.1,0.9
1751,9,19,0.2,0.1,0.9
1752,17,23,0.2,0.1,0.9
1753,45,19,0.2,0.1,0.9
1754,27,5,0.2,0.1,0.9
1755,33,2,0.2,0.1,0.9
1756,27,19,0.2,0.1,0.9
1757,30,4,0.2,0.1,0.9
1758,28,16,0.2,0.1,0.9
1759,33,15,0.2,0.1,0.9
1760,18,5,0.2,0.1,0.9
1761,-20,12,0.2,0.1,0.9
1762,-22,32,0.2,0.1,0.9
1763,37,14,0.2,0.1,0.9
1764,39,27,0.2,0.1,0.9
1765,18,0,0.2,0.1,0.9
1766,44,22,0.2,0.1,0.9
1767,42,10,0.2,0.1,0.9
1768,35,21,0.2,0.1,0.9
1769,18,28,0.2,0.1,0.9
1770,29,4,0.2,0.1,0.9
1771,34,11,0.2,0.1,0.9
1772,30,20,0.2,0.1,0.9
1773,27,5,0.2,0.1,0.9
1774,13,14,0.2,0.1,0.9
1775,15,2,0.2,0.1,0.9
1776,51,18,0.2,0.1,0.9
1777,38,12,0.2,0.1,0.9
1778,25,16,0.2,0.1,0.9
1779,33,2,0.2,0.1,0.9
1780,16,12,0.2,0.1,0.9
1781,15,21,0.2,0.1,0.9
1782,17,25,0.2,0.1,0.9
1783,23,9,0.2,0.1,0.9
1784,38,13,0.2,0.1,0.9
1785,4,11,0.2,0.1,0.9
1786,33,2,0.2,0.1,0.9
1787,20,22,0.2,0.1,0.9
1788,43,15,0.2,0.1,0.9
1789,20,24,0.2,0.1,0.9
1790,-28,30,0.2,0.1,0.9
1791,15,2,0.2,0.1,0.9
1792,-30,49,0.2,0.1,0.9
1793,16,6,0.2,0.1,0.9
1794,46,6,0.2,0.1,0.9
1795,38,20,0.2,0.1,0.9
1796,38,10,0.2,0.1,0.9
1797,18,14,0.2,0.1,0.9
1798,19,20,0.2,0.1,0.9
1799,14,19,0.2,0.1,0.9
1800,27,13,0.2,0.1,0.9
1801,25,8,0.2,0.1,0.9
1802,-50,36,0.2,0.1,0.9
1803,44,7,0.2,0.1,0.9
1804,6,36,0.2,0.1,0.9
1805,33,2,0.2,0.1,0.9
1806,31,3,0.2,0.1,0.9
1807,18,0,0.2,0.1,0.9
1808,-1,20,0.2,0.1,0.9
1809,23,7,0.2,0.1,0.9
1810,2,10,0.2,0.1,0.9
1811,12,8,0.2,0.1,0.9
1812,21,9,0.2,0.1,0.9
1813,24,9,0.2,0.1,0.9
1814,19,5,0.2,0.1,0.9
1815,-40,28,0.2,0.1,0.9
1816,46,6,0.2,0.1,0.9
1817,29,12,0.2,0.1,0.9
1818,39,12,0.2,0.1,0.9
1819,53,15,0.2,0.1,0.9
1820,36,14,0.2,0.1,0.9
1821,24,16,0.2,0.1,0.9
1822,26,11,0.2,0.1,0.9
1823,26,6,0.2,0.1,0.9
1824,0,11,0.2,0.1,0.9
1825,29,4,0.2,0.1,0.9
1826,17,16,0.2,0.1,0.9
1827,17,21,0.2,0.1,0.9
1828,22,10,0.2,0.1,0.9
1829,31,10,0.2,0.1,0.9
1830,27,7,0.2,0.1,0.9
1831,31,10,0.2,0.1,0.9
1832,25,8,0.2,0.1,0.9
1833,9,20,0.2,0.1,0.9
1834,38,10,0.2,0.1,0.9
1835,35,15,0.2,0.1,0.9
1836,24,8,0.2,0.1,0.9
1837,7,11,0.2,0.1,0.9
1838,34,24,0.2,0.1,0.9
1839,30,28,0.2,0.1,0.9
1840,22,10,0.2,0.1,0.9
1841,33,2,0.2,0.1,0.9
1842,0,12,0.2,0.1,0.9
1843,44,7,0.2,0.1,0.9
1844,-150,94,0.2,0.1,0.9
1845,26,14,0.2,0.1,0.9
1846,37,24,0.2,0.1,0.9
1847,32,16,0.2,0.1,0.9
1848,25,14,0.2,0.1,0.9
1849,19,11,0.2,0.1,0.9
1850,28,22,0.2,0.1,0.9
1851,-41,47,0.2,0.1,0.9
1852,12,4,0.2,0.1,0.9
1853,4,16,0.2,0.1,0.9
1854,-17,33,0.2,0.1,0.9
1855,42,8,0.2,0.1,0.9
1856,29,4,0.2,0.1,0.9
1857,26,6,0.2,0.1,0.9
1858,38,12,0.2,0.1,0.9
1859,15,17,0.2,0.1,0.9
1860,-72,78,0.2,0.1,0.9
1861,26,6,0.2,0.1,0.9
1862,25,8,0.2,0.1,0.9
1863,0,20,0.2,0.1,0.9
1864,23,10,0.2,0.1,0.9
1865,-23,18,0.2,0.1,0.9
1866,2,25,0.2,0.1,0.9
1867,28,5,0.2,0.1,0.9
1868,16,14,0.2,0.1,0.9
1869,-149,96,0.2,0.1,0.9
1870,46,6,0.2,0.1,0.9
1871,5,14,0.2,0.1,0.9
1872,38,13,0.2,0.1,0.9
1873,9,19,0.2,0.1,0.9
1874,18,20,0.2,0.1,0.9
1875,39,22,0.2,0.1,0.9
1876,39,19,0.2,0.1,0.9
1877,0,22,0.2,0.1,0.9
1878,-93,67,0.2,0.1,0.9
1879,40,10,0.2,0.1,0.9
1880,37,13,0.2,0.1,0.9
1881,39,12,0.2,0.1,0.9
1882,18,0,0.2,0.1,0.9
1883,14,8,0.2,0.1,0.9
1884,31,20,0.2,0.1,0.9
1885,21,33,0.2,0.1,0.9
1886,-37,32,0.2,0.1,0.9
1887,21,11,0.2,0.1,0.9
1888,26,22,0.2,0.1,0.9
1889,36,23,0.2,0.1,0.9
1890,22,10,0.2,0.1,0.9
1891,12,33,0.2,0.1,0.9
1892,23,15,0.2,0.1,0.9
1893,15,8,0.2,0.1,0.9
1894,22,24,0.2,0.1,0.9
1895,28,14,0.2,0.1,0.9
1896,24,8,0.2,0.1,0.9
1897,11,28,0.2,0.1,0.9
1898,53,15,0.2,0.1,0.9
1899,40,12,0.2,0.1,0.9
1900,32,17,0.2,0.1,0.9
1901,29,4,0.2,0.1,0.9
1902,29,4,0.2,0.1,0.9
1903,-10,22,0.2,0.1,0.9
1904,30,4,0.2,0.1,0.9
1905,6,10,0.2,0.1,0.9
1906,28,5,0.2,0.1,0.9
1907,16,16,0.2,0.1,0.9
1908,26,7,0.2,0.1,0.9
1909,29,4,0.2,0.1,0.9
1910,31,9,0.2,0.1,0.9
1911,-39,38,0.2,0.1,0.9
1912,-13,20,0.2,0.1,0.9
1913,48,20,0.2,0.1,0.9
1914,25,7,0.2,0.1,0.9
1915,19,7,0.2,0.1,0.9
1916,42,8,0.2,0.1,0.9
1917,21,19,0.2,0.1,0.9
1918,25,8,0.2,0.1,0.9
1919,31,3,0.2,0.1,0.9
1920,40,10,0.2,0.1,0.9
1921,-1,15,0.2,0.1,0.9
1922,18,5,0.2,0.1,0.9
1923,-31,51,0.2,0.1,0.9
1924,24,8,0.2,0.1,0.9
1925,-7,19,0.2,0.1,0.9
1926,-170,109,0.2,0.1,0.9
1927,-10,26,0.2,0.1,0.9
1928,44,7,0.2,0.1,0.9
1929,4,8,0.2,0.1,0.9
1930,27,5,0.2,0.1,0.9
1931,-2,26,0.2,0.1,0.9
1932,34,16,0.2,0.1,0.9
1933,18,14,0.2,0.1,0.9
1934,19,5,0.2,0.1,0.9
1935,29,35,0.2,0.1,0.9
1936,43,8,0.2,0.1,0.9
1937,27,20,0.2,0.1,0.9
1938,26,17,0.2,0.1,0.9
1939,48,20,0.2,0.1,0.9
1940,41,9,0.2,0.1,0.9
1941,39,11,0.2,0.1,0.9
1942,3,14,0.2,0.1,0.9
1943,-7,38,0.2,0.1,0.9
1944,40,10,0.2,0.1,0.9
1945,-9,25,0.2,0.1,0.9
1946,18,20,0.2,0.1,0.9
1947,37,13,0.2,0.1,0.9
1948,25,8,0.2,0.1,0.9
1949,13,17,0.2,0.1,0.9
1950,38,12,0.2,0.1,0.9
1951,4,9,0.2,0.1,0.9
1952,1,19,0.2,0.1,0.9
1953,27,12,0.2,0.1,0.9
1954,26,6,0.2,0.1,0.9
1955,31,4,0.2,0.1,0.9
1956,20,23,0.2,0.1,0.9
1957,40,10,0.2,0.1,0.9
1958,12,9,0.2,0.1,0.9
1959,46,6,0.2,0.1,0.9
1960,-21,34,0.2,0.1,0.9
1961,32,18,0.2,0.1,0.9
1962,15,23,0.2,0.1,0.9
1963,31,3,0.2,0.1,0.9
1964,30,4,0.2,0.1,0.9
1965,14,31,0.2,0.1,0.9
1966,5,11,0.2,0.1,0.9
1967,15,10,0.2,0.1,0.9
1968,-29,32,0.2,0.1,0.9
1969,33,2,0.2,0.1,0.9
1970,-2,27,0.2,0.1,0.9
1971,33,18,0.2,0.1,0.9
1972,-14,42,0.2,0.1,0.9
1973,-20,39,0.2,0.1,0.9
1974,48,26,0.2,0.1,0.9
1975,34,24,0.2,0.1,0.9
1976,27,18,0.2,0.1,0.9
1977,30,18,0.2,0.1,0.9
1978,32,15,0.2,0.1,0.9
1979,13,9,0.2,0.1,0.9
1980,23,15,0.2,0.1,0.9
1981,27,5,0.2,0.1,0.9
1982,12,4,0.2,0.1,0.9
1983,23,10,0.2,0.1,0.9
1984,39,11,0.2,0.1,0.9
1985,28,6,0.2,0.1,0.9
1986,-9,25,0.2,0.1,0.9
1987,26,15,0.2,0.1,0.9
1988,17,15,0.2,0.1,0.9
1989,-34,30,0.2,0.1,0.9
1990,17,20,0.2,0.1,0.9
1991,49,18,0.2,0.1,0.9
1992,28,5,0.2,0.1,0.9
1993,30,4,0.2,0.1,0.9
1994,19,13,0.2,0.1,0.9
1995,32,19,0.2,0.1,0.9
1996,25,6,0.2,0.1,0.9
1997,36,12,0.2,0.1,0.9
1998,38,18,0.2,0.1,0.9
1999,9,28,0.2,0.1,0.9
